<?xml version="1.0" encoding="UTF-8"?>
<project-private xmlns="http://www.netbeans.org/ns/project-private/1">
    <editor-bookmarks xmlns="http://www.netbeans.org/ns/editor-bookmarks/2" lastBookmarkId="0"/>
    <open-files xmlns="http://www.netbeans.org/ns/projectui-open-files/2">
        <group>
            <file>file:/C:/wamp64/www/kitslife/src/app/app.component.ts</file>
            <file>file:/C:/wamp64/www/kitslife/src/app/post-list/post-list.component.html</file>
            <file>file:/C:/wamp64/www/kitslife/.gitignore</file>
            <file>file:/C:/wamp64/www/kitslife/src/app/app.module.ts</file>
            <file>file:/C:/wamp64/www/kitslife/src/app/app.component.html</file>
            <file>file:/C:/wamp64/www/kitslife/src/index.html</file>
            <file>file:/C:/wamp64/www/kitslife/src/app/post-list/post-list.component.ts</file>
        </group>
    </open-files>
</project-private>
